type,title,desc,time,nickname,avatar,liked_count,collected_count,comment_count,share_count,ip_location,last_modify_ts,note_url
normal,外行人玩精华 内行人玩面霜,"兰蔻塑颜紧致霜🆚兰蔻百肽霜
	
💜兰蔻塑颜霜
25➕必买的抗初老面霜‼️
要是多做点广告估计美容院都要整垮了🤭
🥰兰蔻30年专研抗老，真不是随便说说
素颜霜里面的成分超nice～
✔️亚麻籽肽➕玻色因
老伙计C位出道！强强联合促进4种胶原再生 抗老第一大需求加倍满足
不管胶原流失多少 都给你补回来！什么细纹凹陷 细水长流都嘭起来
✔️377➕VC
赶走脸蛋黑色素 肤色更加透亮起来
提亮肤色➕抗氧去黄一起安排妥当
✔️鸟苷
鸟苷就像网兜一样 加强胶原内部支撑力
不给松弛一点可乘之机
讲真 每一个成分单独拉出来 都是抗老届顶流三管齐下
🌟非常独特的“雪融”质地 跟冰淇淋似的 触感细滑 一抹化开 好吸收 不会闷脸
	
💜兰蔻百肽霜
兰蔻这款新品塑颜百肽霜我感觉能大爆😍
3重高蛋白植物提取 包含300种植物胜肽
光看成分就知道它抗老有多🐮了
✔️300种植物胜肽
最贴近人体自身胜肽体系 为我们肌肤进行加法抗老 加胶原 加紧致 加焕活 甚至能促进珍贵的宝宝胶原
✔️玻尿酸➕烟酰胺
专攻粗燥纹路 去黄提亮 均匀肤色
想抗老不需要纠结 直接冲
🌟兰蔻百肽霜的质地和配方 都是品牌最新研究成果 更更侧重紧致了
而且肤感清润适合大部分肤质
基本不用挑 盲入就行 你一定会觉得很舒服～
	
💡总结：塑颜霜 也是在于抗老 但抗老效果确实比百肽霜弱一点 质地比百肽霜厚重
👉质地区别
塑颜霜质地柔润 更适合干皮使用
宝肽霜质地轻薄 适合需要对抗衰老或抗皱淡纹的人群
👉功效区别
塑颜霜主打美白紧致
宝肽霜主打淡纹亮肤紧致提拉
	
  ",1688519092000,琳家美妆 美貌研究所,https://sns-avatar-qc.xhscdn.com/avatar/1040g2jo30spe98gmk60049e4t8ifeu7791bjdlg,494,246,150,270,,1707297990709,https://www.xiaohongshu.com/explore/64a4c1b40000000031008044
normal,真使用才敢说真话之兰蔻菁纯面霜, 我个人感觉这款面霜对于我这种中性皮肤有点偏油了 只适合秋冬用 我用的时候会顺便把脖子也抹上 没有感觉出有什么明显的效果 不过也没什么不好的 不建议油皮入 干性皮肤可以先试试小样儿 确实很滋润 干皮也建议晚上用[扯脸H][扯脸H]（我眼睛比较敏感这款面霜我用会有沙眼的感觉）,1675331901000,抹茶真好喝,https://sns-avatar-qc.xhscdn.com/avatar/63daa023627a7faf54858c6f.jpg,533,182,978,73,,1707297990713,https://www.xiaohongshu.com/explore/63db893d000000001d012746
normal,25➕新媒体人对菁纯面霜真实使用感受,"作为25➕的新媒体人，真的老的巨快，跟姐妹逛街的时候入手了兰蔻菁纯面霜（还有眼霜过几天出使用感受）
一开始还在用其他的面霜没打算开的，也是他的肤感吸引了
和面霜一样，质地是属于啫喱状，比较容易吸收，而且有一股淡淡的玫瑰味（后来查了一下是添加了玫瑰活性因子）
我买的是轻盈款，感觉肤感会更舒服，滋润款更适合干皮秋冬使用
主打的是抗氧化，使用下来提亮效果还是蛮不错的，最主要它没有视黄醇这种特别需要光保护的成分，而且补水效果真的顶
就是使用比较多，价格就显得有点小贵，不过使用下来的整体感受是可以无限回购的
	
    ",1663941410000,脏boy,https://sns-avatar-qc.xhscdn.com/avatar/612504415e414a00012ef086.jpg,487,186,62,37,,1707297990713,https://www.xiaohongshu.com/explore/632dbb22000000001200f5d3
normal,菁纯面霜打卡啦,"一年四季不同皮肤状态各种需求
[星R]菁纯面霜 清透版 （LIGHT流云霜）
油皮/混油肌肤定制，全新奶盖慕斯的质地，最轻薄的抗老面霜，高能成分渗透力达140%，推开就像云朵一样没有任何负担，一秒爆水!
[星R]菁纯轻盈版乳霜（SOFT经典版）
混合性肌定制，独特3T焕变质地，细腻的膏体抹开以后瞬间化成霜状，全脸推开以后霜化成绵密的乳状，吸收以后真的瞬间让你的皮肤感觉到什么叫久旱逢甘霖！
[星R]菁纯滋养版面霜（RICH滋润）
沙漠皮的挚爱版本，需要乳化的滋润面霜，浓郁的膏体在接触皮肤温度以后瞬间化成精油状态马上为皮肤注入能量！
	
           ",1688791640000,高新区兰蔻柜姐欣欣～,https://sns-avatar-qc.xhscdn.com/avatar/1040g2jo30tlpkhthke0049sono5jvtocuniapl8,794,279,217,99,,1707297990714,https://www.xiaohongshu.com/explore/64a8ea58000000002b03e6e6
normal,兰蔻菁纯面霜怎么选？,"💪兰蔻菁纯面霜主打抗老，属于兰蔻的高端线产品，在我无限回购的同时也会推荐给我的老姐妹们！
使用⌛️一段时间之后脸部肉眼可见的变饱满了，皮肤就好像一下子膨了起来。针对熬夜之后的脸色暗沉、蜡黄、下垂，兰蔻菁纯面霜都能将此从深渊里拉回来，晚上用完之后，第二天早上会感觉脸蛋很细腻紧致有光泽，抗初老，熬夜党闭眼入！😴✨菁纯面霜分为三个版本，大家根据自己的情况理性选择！
🌬️Light流云霜， 适合油皮混油的宝子
💦Rich滋润版，适合干皮混干皮的宝子们
🌸Soft轻盈版，适合外油内干，中性的宝子们           @美妆薯",1691721349000,中外云采,https://sns-avatar-qc.xhscdn.com/avatar/1040g2jo30t5vgcvtka005npt4p9g9fpe7s0bnjg,48,30,12,3,,1707297990715,https://www.xiaohongshu.com/explore/64d59e85000000000b02b622
normal,兰蔻菁纯面霜使用感,这个面霜一搜基本都是好评，于是就买了一瓶，使用感真的很差劲，硅感非常严重，哪有什么润而不腻，明明就是一层油浮在脸上而已，完全不会吸收，只会被枕头或者被子蹭干净。配料表第四和第十都是硅油，真搞不懂为什么要添加这么多硅油，很容易闷痘长闭口。,1692195445000,太阳公公天空照,https://sns-avatar-qc.xhscdn.com/avatar/62c8edf49f36893f0feb8f68.jpg,39,15,21,4,,1707297990715,https://www.xiaohongshu.com/explore/64dcda75000000000b02a9ab
normal,兰蔻菁纯面霜两个月对比,"←左是8.12日擦了护肤品之后的照片，→右是10.19日洗完脸还没有擦护肤品的状态。
8.12号之前一直使用的国内或者免税版本兰蔻菁纯四年的样子（中途偶尔也用用其他牌子或者早晚换着使用）。8.12号之后使用的美版兰蔻菁纯面霜。都是轻盈版。",1697723467000,momo,https://sns-avatar-qc.xhscdn.com/avatar/1040g2jo30qcj45h3nu0g4ahang4bmo89bdtb678,129,21,58,13,,1707297990716,https://www.xiaohongshu.com/explore/6531344b0000000025020432
normal,emmm....兰蔻箐纯避雷篇,"简直是猪油膏附体的菁纯面霜
我一直搞不明白菁纯系列是怎么火起来的
质地不舒服，一言难尽
本人干敏肌
[生气R]我乳化后上脸还是浮在表面 吸收很慢！这个是主要
枕头上都是！
它家气垫是我用过最难用的气垫没有之一了
容易脱妆、斑驳、暗沉
真不知道这个价格怎么对得起业界良心的
真的是猪油附体  用一次长闭口了[生气R]
敏感肌还是注意下吧
还有夏天不要用",1693299041000,陳阿渔,https://sns-avatar-qc.xhscdn.com/avatar/64dc759e879c865fe9079d5b.jpg,35,8,124,3,,1707297990716,https://www.xiaohongshu.com/explore/64edb161000000001f03613c
normal,"兰蔻菁纯面霜也是公认的抗老进阶选项!
3个版本的菁纯面霜不仅在肤感上针对不同肤质的抗老需求做了区分，更在成分上做到了量肤定制。
三者核心都是传奇永盛玫瑰精萃+专研玻色因，一个加速细胞更新，一个充盈肌底，强强联手抗老!     ","兰蔻菁纯面霜也是公认的抗老进阶选项!
3个版本的菁纯面霜不仅在肤感上针对不同肤质的抗老需求做了区分，更在成分上做到了量肤定制。
三者核心都是传奇永盛玫瑰精萃+专研玻色因，一个加速细胞更新，一个充盈肌底，强强联手抗老!     ",1696923003000,深圳海雅兰蔻柜姐晓燕🌟,https://sns-avatar-qc.xhscdn.com/avatar/63945fe36aac44ce69fdd19f.jpg,146,61,11,30,,1707297990717,https://www.xiaohongshu.com/explore/6524fd7b000000001c014089
normal,再也不买兰蔻菁纯面霜了！不是不好用，是量！,"这是我今早新打开的兰蔻菁纯面霜。之前三八节活动买到的。结果一打开吓了我一跳，这量………是不是有点过分了。满30-15嘛？[黑薯问号R]
那这可真是泰裤辣！[吃瓜R]
我这还是在官网买的，本来早起上班就烦[生气R] [再见R]
 ",1683610581000,牛犇犇,https://sns-avatar-qc.xhscdn.com/avatar/1040g2jo30n464ja95g004a6ucogas9r4uqk2180,272,51,177,15,,1707297990717,https://www.xiaohongshu.com/explore/6459dbd50000000013004023
normal,用过的3款面霜夸夸+吐槽,"雅诗兰黛胶原霜（无功无过没有用，二十刚出头用还行，挺贵的性价比不高）
兰蔻菁纯流云霜（油皮冲，感觉到皮肤被滋养了，但是不是油油的糊在脸上。抗老也在线）
阿玛尼黑钥匙面霜（封闭性太强了，我只能在秋冬用，而且要乳化，不然感觉推不开，效果是有的）
    ",1689851793000,淡紫独角鲸,https://sns-avatar-qc.xhscdn.com/avatar/6495c48adcfe9bf98349c73a.jpg,173,42,39,3,,1707297990718,https://www.xiaohongshu.com/explore/64b91791000000001201d62f
normal,2800块钱一瓶的兰蔻箐纯面霜好用不,用完一瓶兰蔻箐纯面霜的使用感，感觉效果不大，真的，对比雅诗兰黛白金面霜来说，这款箐纯面霜有点鸡肋了，就保湿，其它效果真的真的不明显[失望R][失望R] ,1687063133000,冰糖囤雪梨,https://sns-avatar-qc.xhscdn.com/avatar/652131efbac0f9be9feba3a9.jpg,130,58,396,16,,1707297990719,https://www.xiaohongshu.com/explore/648e8a5d000000002700210f
normal,兰蔻塑造百肽霜 避开广告 我看了1000个评论,"[仙女R]精选小仙女评价
	
1. 老款的好用，升级了应该更好用吧，以前的我用起美白垮脸都有效，就保湿差
2. 为什么停产，据说是为了搭配三管精华，所以把一些成分砍了，毕竟三管有的面霜也有
3. 旧版我用过三瓶推荐多次，负责任的说对油皮新版好用很多，质地轻盈了三倍起码 [笑哭R]，旧版是类似雪花膏，新版是轻薄乳霜，而且保湿力不差全新
4. 新版很合适我皮肤用完不油腻也很保湿光滑，觉得比老版更好用，质地上可接受的人群更广也更容易被接受，老版的千层液晶那种工艺更适合偏干一些的皮肤，搭配水一起用比较舒服[笑哭R]
5. 不如老款，问就是用过[笑哭R]，没有美白功效了，肤感更清爽了[笑哭R]
6.旧版也有肽，新版多加了一百种，然后把377换掉 用肽➕烟酰胺联合抗老了，新版专注抗老 ，不过旧版美白成分其实也不多，要美白的我一般都是直接推他家极光精华
	
#
其实这次更新主要加重了抗老，去掉了美白，品牌重点强调了“300植物胜肽”，普通消费者并不了解肽是什么？其实[向右R]肽是生命的基石，因为它们由多种氨基酸组成，它们的结合创造了无穷无尽的肽组合，它们都具有不同的能力。 众所周知，肽作用于皮肤的所有层：表皮、真皮表皮交界处和真皮，是皮肤对抗可见衰老迹象的最佳盟友。
几个胜肽就好，300个就是革命性的。 多肽有3种功能：
1. 载体肽：可以将矿物质输送到皮肤，促进胶原蛋白、弹性蛋白和其他结构蛋白，使皮肤看起来更紧致、更饱满。
2. 抑制肽：通过减缓人体胶原蛋白流失的自然过程来发挥作用。 它们还可能有助于防止色素沉着。
3. 信号肽：向皮肤不同部位发送信息，促进再生。
热衷抗老的🉑️选，还需美白的姐妹🉑️再加一美白精华[满月R]
       ",1683186172000,发光迪迪,https://sns-avatar-qc.xhscdn.com/avatar/1040g2jo30ph5mide6k0049d2b2bob033d75simg,344,123,230,55,,1707297990719,https://www.xiaohongshu.com/explore/645361fc0000000027013b5a
normal,兰蔻菁纯面霜,说句被怼的话，我不怕，因为我觉得兰蔻菁纯真的比黑绷带好用，特别对于干皮的我。黑绷带还是适合偏油的妹子。仁者见仁 智者见智吧,1681556061000,果果,https://sns-avatar-qc.xhscdn.com/avatar/63041a933348339806bf630d.jpg,103,22,55,4,,1707297990720,https://www.xiaohongshu.com/explore/643a825d00000000120322e3
normal,百肽霜🆚雪花霜,"两款面霜都用过的姐妹举手🙋‍♀️🙋‍♀️🙋‍♀️
塑颜霜别名雪花霜，独家雪融质地，适合秋冬和干皮姐妹！
百肽霜，雪花霜的升级版，软糯质地一融即化，适合全肤质！！！敏感肌姐妹放心入～
功效升级：加发k老➕紧致➕胶原➕焕亮
百肽霜里添加了300种植物胜肽！直接把K老效果拉满，下颌线更加清晰，长效玻尿酸，全方位滋养肌肤，充盈饱满！
        ",1685378996000,高新区兰蔻柜姐欣欣～,https://sns-avatar-qc.xhscdn.com/avatar/1040g2jo30tlpkhthke0049sono5jvtocuniapl8,250,89,131,101,,1707297990720,https://www.xiaohongshu.com/explore/6474d7b40000000013009c59
normal,抗老面霜大盘点！,"雅诗兰黛冻龄白金面霜
雪绒质地，一抹化为精油肤感，滋润又好吸收，
适合所有肤质，我自己用下来明显感觉皮肤非常饱满紧致苹果肌嘭嘭的，整个脸嘭嘭弹弹的，像是做了一次贵妇级面部spa~像皮肤干燥，敏感泛红，还可以早晚涂这个面霜急救，厚涂一晚上第二天皮肤即可修护回来，让肌肤有一种由内而外的健康光泽感（实际效果也因人而异哦）真不愧是贵妇抗老面霜的，做到面面俱到
兰蔻菁纯面霜
用过的应该都会喜欢！它做到了抗老滋润同时，肤感还非常能打，质地像乳酪，上脸很容易推开，很好吸收，润润的又不会油腻，滋润度相当高，平时出门我会涂个面霜在涂防晒，用下来效果还是不错的，皮肤看起来会非常透亮细腻，小脸也会紧致饱满很多～
SK- II大红瓶面霜
它质地轻薄，上脸非常亲肤好吸收，
推开后很好融入肌肤里，
抗老修护抗氧一手抓
可以滅缓肌肤老化速度，修护肌肤屏障，每次用完大红瓶真的会被惊艳到，像我经常熬夜，用下来真真切切感受到它的好！脸蛋紧致饱满不说，皮肤状态也很在线！
阿玛尼黑曜石面霜
这款的质地是丝绒质地，需要先乳化后在按压在脸上
它修护力和抗老效果都是杠杠的，像垮脸、泛红起皮啥的用它，真的会给你整的服服贴贴，用完之后整个脸蛋也会容水润紧致，这款不太适合夏天用哈",1682091828000,Minnnnnn,https://sns-avatar-qc.xhscdn.com/avatar/636106fd14433d88ae246632.jpg,2152,261,62,44,,1707297990721,https://www.xiaohongshu.com/explore/6442af3400000000130334ba
normal,HR黑绷带 实话实说,"第一瓶作为尝试在直播间抢的50ml，毕竟齁贵的面霜[汗颜R][汗颜R][汗颜R]
第二瓶作为回购果断100ml，是真的好用～
膏体质地，易吸收，不黏腻，香气好闻，
用完感觉皮肤稳定，至于抗不抗衰不敢妄下定论，毕竟才用了半年多。
照片是华为手机前置无美颜无滤镜午间自然光线下拍的，封在家里只做了基础护肤。   ",1669282882000,我是侯小倩💋,https://sns-avatar-qc.xhscdn.com/avatar/61a8de0f1501a59da4a19178.jpg,101,19,275,3,,1707298048220,https://www.xiaohongshu.com/explore/637f3c420000000022028f05
normal,赫莲娜黑绷带真的好用吗,"正确来讲黑绷带是不含任何乳化剂的
他是靠有机硅弹体创造出一个霜状的感觉
虽然看起来质地绵密
但是里面有特别的吸油粉体会吸走脸上多余的油分
不会带走你脸上的水分
用完脸上是哑光状态 油皮用更是没有任何负担
有预算的姐妹不用考虑
吃土的就算了 还有很多面霜可以考虑
总有一款适合你
买对不买贵 适合最重要 不跟风",1680082023000,小媛姐姐👄港链美妆2号,https://sns-avatar-qc.xhscdn.com/avatar/641aa9ba2a05a5c7c4813a50.jpg,2532,755,628,623,,1707298048224,https://www.xiaohongshu.com/explore/642404670000000027001c33
normal,赫莲娜面霜，绿瓶，踩雷，永不回购,用了HR家的面霜已经两三年了，这个牌子一直用黑白面霜，用了一次就爱上了，上个月第一次在旗舰店下单了绿瓶面霜，家里存货很多一直没用，这两天打开里面香味真的很大，有点廉价香水味[暗中观察R]，上脸特别刺激，很难吸收 很油[抓狂R]而且还刺辣，已经不敢用了[抓狂R]我没想到同一个牌子质感和使用体验会相差这么大，以为他家所有牌子都好吸收，终究是错付了，丢也舍不得丢，用也不能用[失望R][失望R][失望R]      # ,1657113804000,慧子,https://sns-avatar-qc.xhscdn.com/avatar/6412642e348916cd592bc8ab.jpg,62,14,92,13,,1707298048226,https://www.xiaohongshu.com/explore/62c58ccc000000002103601a
normal,100毫升！！！,"下次还是买50ml吧……[笑哭R]这个拼尽了全力用才用完…..时间长了氧化也不太好。
但是有一说一黑绷带抗衰老真的不错。
目前试用下来还没有发现比玻色因更强大的面霜，一直回购。
35岁以上的小伙伴们真的可以入手一份！长期使用我的右手指纹都比左手淡很多。
  ",1689259330000,MissRebecca严,https://sns-avatar-qc.xhscdn.com/avatar/617dedd0dfd42b4dbe4b9e73.jpg,33,9,15,2,,1707298048227,https://www.xiaohongshu.com/explore/64b00d41000000001c00e069
normal,终于明白，贵有贵的道理,"之前用黑绷带没感觉它的好
就普普通通
而且味道太香也没有特别喜欢
只是觉得品牌在这 用着不会错
就一直在用
	
这两个月来，不知道什么原因
皮肤干燥敏感，还脱皮，很毛躁～
摸起来粗糙粗糙的
用了好多修护保湿精华，精油，面霜
一点效果都没有
兴起用了一次黑绷带第二天毛躁退下去了
最近2周都在用黑绷带
早晚都在用
皮肤细腻很多，干，脱皮，毛躁都没了
确实有点东西
希望能更新一个没有任何香味的版本
香味真的有点受不了
   ",1705627362000,小乖赚钱多多,https://sns-avatar-qc.xhscdn.com/avatar/1040g2jo30u0ekh2vku005omubqqnoufcdb5anr0,79,17,111,4,上海,1707298048228,https://www.xiaohongshu.com/explore/65a9cee2000000002802c18d
normal,原来这才是黑绷带的真实面貌,     ,1703950833000,娇小赫,https://sns-avatar-qc.xhscdn.com/avatar/65bde40a11eaca8c290b5a8a.jpg,3163,379,996,433,,1707298048229,https://www.xiaohongshu.com/explore/659039f1000000001000df65
video,30➕姐姐真实测评｜为什么不推荐赫莲娜黑绷带,"本人是30➕以上的小姐姐了，混合偏油肌肤，坐标深圳。热爱买买买，专研护肤15年。贵妇面霜也有很多，经过我本人亲自购买使用和对比，我真的不推荐赫莲娜的黑绷带面霜。注意⚠️相对这个价位的贵妇面霜来说不推荐，但是不考虑性价比的同学可以忽略这条了。
1. 主打成份：玻色因，同系列品牌很多替代；
2. 使用感受：肤感不佳
3. 使用效果：不是太明显（本人胶原蛋白还可以）
4. 性价比：其他同价位的大牌贵妇面霜更值得选择
         
@美妆薯 @时尚薯 @薯条小助手 @视频薯 @小红书视频号",1648298700000,👑斯嘉丽Scarlett,https://sns-avatar-qc.xhscdn.com/avatar/620907005cb91fb5738eb1fd.jpg,545,355,317,92,,1707298048230,https://www.xiaohongshu.com/explore/623ef7bc000000000102e251
normal,争议很大的科颜氏的高保湿面霜,好像争议挺大的一瓶高保湿霜，有些朋友用了说油腻。可是我用了很久了，一直觉得肤感超级好，涂抹在脸上后，有一种水分子在脸上跳舞的感觉。而且吸收很快，也并不需要涂很多，一个小指甲盖大小就完全可以了。非常宝藏,1687438913000,Elise 何田田,https://sns-avatar-qc.xhscdn.com/avatar/63b251518957e35640b07318.jpg,76,17,39,11,,1707298111436,https://www.xiaohongshu.com/explore/6494464000000000110117ed
video,科颜氏全线面霜深度测评！买前避雷攻略！🌈,"①科颜氏高保湿面霜
②科颜氏果冻高保湿面霜
③科颜氏紫玻A面霜
④科颜氏金盏花面霜
 ",1651194000000,鹏鹏儿,https://sns-avatar-qc.xhscdn.com/avatar/5f33b4dcdab0e30001ff4934.jpg,4903,1650,334,394,,1707298111439,https://www.xiaohongshu.com/explore/6268ccfa0000000021036344
normal,在校大学生对科颜氏高保湿面霜的真实使用感,"本人是一个夏天混油 秋冬有点混干
在此之前我一直以为自己是个纯油皮
直到前几天我用了科颜氏的另一款适合油皮的果冻面霜
才发现我原来秋冬是有点混干的
因为我在夏天也使用过果冻面霜，上脸虽然不油腻，但皮肤也不会觉得干！！
但是这次我再用，发现这个面霜对于秋冬季节补水不太够了
皮肤后续会发干😳😳滋润度不够
下面说说这个高保湿面霜
我之前真的真的一直以为这款面霜只有干皮可以使用的
但直到我自己亲身体验了，才发现之前对她的误会真的是太大了！！
秋冬季节油皮也是完全OK的，不过用量上不要太多
不然可能会有点油，当然我自己没有试过用很多
我每次都只用一点点，所以完全OK！！
满足了秋冬季节油皮对面霜的需求
毕竟油皮虽然出油量的确比较多，但皮肤内里还是会缺水
使用感上我觉得这个面霜还是比较轻薄的，对于油皮或混油来说上脸不会有很大的负担
后续出油量也不是很多（当然我只在晚上使用过它🤭）
干皮和混干用它也是绝对绝对没问题的，因为它本来也就是主打干皮使用
只是意外被我发现油皮也OK哦（真的真的很惊喜😂😂😂😂😂😂）
我一般上脸都喜欢先在手上揉搓一下，反正就是融化一下
（也不知道是不是这么形容的🤣）
以上就是本人的真实感受
（每个人的肤质都不一样，仅供参考）
",1666499398000,Y_ksz,https://sns-avatar-qc.xhscdn.com/avatar/62cbfb51a2db42089a0e317c.jpg,241,53,50,10,,1707298111440,https://www.xiaohongshu.com/explore/6354c346000000001601a99a
normal,咱就是说它的神奇之处,去年买的总觉得她闷闭口似的，我本身就是痘痘肌，我就也不太爱用了，最近就是脸干不知道咋的了，就抽风每天晚上洗完脸不摸水乳只单乳化这个面霜摸脸上坚持使用真的太绝绝子了，不得不服，脸不但没在长闭口粉刺而且还有治闭口和消红的作用，姐妹们不妨可以试试像我说的晚上只摸科颜氏面霜就完事坚持几天你看看效果,1685257140000,富婆来耶,https://sns-avatar-qc.xhscdn.com/avatar/5d12f0cf00000000100157d1.jpg,70,9,15,4,,1707298111441,https://www.xiaohongshu.com/explore/6472fbb40000000012033ae6
normal,高保湿面霜死忠粉看过来啦～～,"🌸成份：
经典版：橄榄提取角鲨烷➕神经酰胺➕冰川保护蛋白
新版：巴西甘蔗高浓角鲨烷➕神经酰胺pro➕冰川保护蛋白
🌸质地：
经典版：冰激淋质地
新版：酸奶质地
总的来说，新版成份做了升级，更保湿、修复能力更强，#质地差别不大
欢迎莅临柜台试用[萌萌哒R][萌萌哒R]
    ",1693647572000,深圳科颜氏小英,https://sns-avatar-qc.xhscdn.com/avatar/64801d22042b3ce6ea3b5d05.jpg,237,108,192,68,,1707298111441,https://www.xiaohongshu.com/explore/64f302d4000000001e0238b5
normal,新版和旧版," 又到了秋季！科颜氏高保湿面霜不能错过~
这个秋冬季节的救星~
适合所有肤质~
新版升级以后，质地很轻薄~
成分也升级~
比之前更轻薄！
但是锁水保湿能力更强👍🏻！
强烈推荐！
  ",1694524864000,Miss静儿,https://sns-avatar-qc.xhscdn.com/avatar/5ea008442da6f20001adb35b.jpg,106,36,36,54,,1707298111442,https://www.xiaohongshu.com/explore/650065bf000000001d0153fe
normal,科颜氏高保湿面霜,这个真的不建议买大毫升的，一是用着用着里面容易进脏东西，因为每次都是用手扣，二这个涂脸上太滋润了油油的很厉害，我本身皮肤冬天有点干，晚上涂抹之后早上起床脸还是油油的[哇R]最后剩的适合冬天当护手霜来用，更合适,1702817954000,爱护肤的大白,https://sns-avatar-qc.xhscdn.com/avatar/5b470ad414de411ca5b83107.jpg,879,197,329,5,,1707298111443,https://www.xiaohongshu.com/explore/657ef0a2000000003801dcbf
normal,科颜氏高保湿面霜,"聚硅氧烷+角鲨烷主的一款保湿面霜，可以有效滋润干燥皮肤，特别适合混合性至干性皮肤使用
抗氧化成分较少，无香料，无酒精配方，敏感皮肤可以考虑使用
是一款性价比极高的产品 125ml超大碗
容易长痘皮肤最好不要使用。
了解自己皮肤 是否适合 不跟风
买对不买贵",1677405567000,小媛姐姐👄,https://sns-avatar-qc.xhscdn.com/avatar/1040g2jo30s57g0qt327049sbhs7cvl5k15skff8,2055,502,1233,166,,1707298111443,https://www.xiaohongshu.com/explore/63fb2d7f000000001300319a
normal,听句劝！还是少买点便宜的新品男士面霜吧,"男士面霜/控油祛痘/油痘肌/大油皮/面霜推荐/面霜分享/面霜测评
真别看啥便宜就用啥，虽然贵的也不一定完全就是好的
但是也要求精不求多
选择合适自己的男士面霜才是关键
整理了几个用过感觉还挺靠谱的新品男士面霜跟大家分享一下
还不知道怎么选的兄弟们有福了，赶紧收藏码住了！！
——
爵威尔男士面霜【控油祛痘】
无限回购的一款面霜，冰淇淋质地上脸贼拉好吸收，pca锌和积雪草提取物有效抑制油脂，用了大半瓶脸上出油越来越少，痘痘也消了很多，小脸贼拉帅气
-
海洋至尊男士面霜【清爽保湿】
秋冬脸上起干皮就用它，含安诺因有效滋养肌肤，按压泵式设计上脸贼拉方便，早晚坚持使用，小脸一整个水润润的
-
科颜氏男士面霜【淡化细纹】
脸蛋子松垮有细纹的兄弟就用它，土豆泥质地上脸贼拉好吸收，含咖啡因提取物深层滋养肌肤，用了大半瓶脸蛋一整个紧致不少
-
斯维诗男士面霜【细化毛孔】
毛孔粗大真的巨巨巨影响颜值，酸奶质地上脸贼拉好吸收，含烟酰胺提取物有效细化毛孔，用了两个月毛孔得到有效改善
-
百雀羚男士面霜【平衡水油】
皮肤水油不平衡抹什么都吸收不了，成分嘎嘎温和一点儿不刺激，坚持使用皮肤摸起来滑滑的，也能更好的吸收其他护肤品了
-
",1704933982000,辞巫山,https://sns-avatar-qc.xhscdn.com/avatar/64a667c9bab61e0001713550.jpg,99,58,14,14,河南,1707298111444,https://www.xiaohongshu.com/explore/659f3a5e000000001200a68d
normal,🌈科颜氏面霜怎么选❓,"一提科颜氏面霜大家首先想到的应该都是他家的高保湿面霜吧，其实他家其他三款面霜也是棒棒的👍大家可以根据自己的肤质选择适合自己的[斜眼R]
🌸科颜氏高保湿面霜，它能让你的脸一天都感觉非常的滋润保湿，一点都不会拔干呢。里面的明星成分角鲨烷真的很nice哦，纯植物提取，不仅可以修护我们肌肤屏障，还可以防止我们的水分流失哦~混油皮用着也没压力，大干皮就直接冲行了！
🌱科颜氏高保湿啫喱霜，它真的能让油皮清爽的过夏天！控油力巨棒，还能补水，直接把外油内干搞定！清爽的啫喱质地，上脸会有微微的清凉感，一抹即开，瞬间化成水。无酒精无香精，会不会闷痘？No！不存在！油皮混油皮给我冲啊！
🏖️科颜氏金盏花精华水活霜，它是科颜氏明星家族金盏花系列的爆水霜，萃取上百片金盏花微粒，不含任何的酒精和人工色素。金盏花可以给皮肤消炎、减少皮肤的泛红，敏敏肌也是OK的哦（每个人的过敏原不一样，不是100%的哈）
🌻科颜氏多重紧致修颜霜，如果你觉得黑绷带超出了你的消费范围，那你选择这款抗衰老紫玻面霜准没错！里面含有10%的黑绷带同款核心成分“玻色因”，修复力相当强大了。里面添加了植物超A元，比视黄醇更加耐受，所以适合敏敏肌宝宝哦。里面的白桦茸多酚可以帮我们抗氧化、提亮、均匀肤色，白天也是可以使用的。
     ",1689576840000,中免集团青岛市内免税店,https://sns-avatar-qc.xhscdn.com/avatar/6391428291159249d887e270.jpg,818,378,47,144,,1707298111445,https://www.xiaohongshu.com/explore/64b4e587000000000f00c3da
normal,科颜氏新品轻乳霜测评,"科颜氏【紫玻A】轻乳霜
专为混油皮定制的抗老面霜
轻乳酪质地 好吸收 不闷痘
功效：细毛孔 亮肤色 紧轮廓
成分：
✓辛酰甘氨酸：抑制多余油脂分泌 阻止弹性胶原蛋白分解 减少皮肤细纹
✓高浓玻色因：促进胶原生成 紧致轮廓
✓弹力多肽：促胶原 促代谢
✓白桦茸多酚：清除自由基 对抗氧化
✓烟酰胺：抗糖抗氧 缩毛孔
✓腺苷：促进皮肤细胞代谢 使肌肤更紧致嘭弹
                   ",1691912534000,科颜氏柜姐尔滨小阿婷,https://sns-avatar-qc.xhscdn.com/avatar/1040g2jo30naemef8m4605npknfrg92219amf6lo,71,29,47,14,,1707298111446,https://www.xiaohongshu.com/explore/64d88956000000001700dcb2
normal,理肤泉B5修复霜的5种正确✅打开方式～,"你会用B5修复霜吗❓正确用法来了✅
	
理肤泉B5修复霜网上评价两极分化，有人说它厚重闷痘长闭口，有人当它是救命稻草。我觉得只要Get到正确用法，这款值得拥有！
	
这篇就结合官fang的建议和我亲身用下来正确的使用方法和场景~
	
1️⃣春夏秋冬换季敏皮（乳化薄涂法）
	
敏感肌肤一换季就非常容易脸上掉皮，鼻翼泛红，起皮粗糙，痒，疼， 这种情况用B5薄涂敷在敏感泛红，干痒刺痛处，每次15-20分钟，连续3-4天 用洗脸巾擦拭掉用清水清洁，一般一周脸部状况就能够恢复正常
	
2️⃣淡化刚消下去痘痘的红印（点涂法）
	
刚消下去的痘留下来的印子，可以隔2-3天点涂一下， 15分钟洗掉，用几次就能看出来去红，印子会消掉，坚持用
⚠️注意： 不适合红zhong新生的痘痘， 会越闷越大， 要痘痘瘪下去了才用
	
3️⃣刷suan不耐受， 护肤品敏感刺激， 皮肤发炎（乳化薄涂法）
	
先挤出乳霜放在掌心，揉搓，轻轻按压上脸，拍在泛红敏感的区域，敷20分钟，干皮可以带着过夜，油皮建议洗掉
⚠️注意：不建议天天使用
	
4️⃣拯救口罩脸（薄涂）
	
敏肌口罩戴久了，口罩脱下来脸会泛红，甚至会有刺痛的可能，这个时候可以拿B5薄涂15分钟，脸部状态能得到明显缓解
	
5️⃣拯救手足唇部的干裂（厚敷）
	
手足和唇部的干裂起皮，用B5厚敷在皮肤干裂的口子上面，等于封闭住，基本用过几次皮肤干裂就能好转
	
⚠️以下提到的都是这款B5的雷区，大家注意看~
	
❌不要把它当面霜用，各种肤质都不建议长期薄涂或者天天使用，B5封闭性强，长期当面霜很容易闷出一脸的痘痘和闭口
	
⚠️局部使用为主，只有轻度敏肌偶尔日常维稳可以全脸薄涂以外，其他都不建议
	
⚠️B5没有祛痘功能，长了痘痘的脸都不适合全脸用，要不满脸闷痘，只适合点涂淡化新生痘印
	
⚠️使用期限6个月内，开封尽快使用，越到后面效果越差
     ",1652777860000,学医的雪琳,https://sns-avatar-qc.xhscdn.com/avatar/65099c987f8009af5f56acb7.jpg,82882,65426,2093,17841,,1707298155372,https://www.xiaohongshu.com/explore/62836384000000002103e0bc
normal,干敏肌闭眼入的理肤泉面霜！便宜大碗好用！,"✨理肤泉这个nutritic intense riche面霜真的是干敏肌福音！太好用了！
	
✨作为面霜却不油腻，保湿力度很强，有淡淡的茶香，易推开，吸收好，我本人就是干敏肌，对面霜的要求主要就是滋润，亲测干敏选手可以闭眼入！
	
✨这款面霜主打的就是深层滋润和补水保湿，虽然产品介绍说有助于收缩毛孔和提拉紧致，但是如果需要立竿见影或者强力的特殊功效（如美白或者去皱抗衰），个人觉得那还是绕路[暗中观察R]
	
✨一定要说的是理肤泉在英国买真的巨便宜！boots或者escentual常年有折扣，买下来一般在10-12磅，合人民币90样子，所以🇬🇧的宝子们放开冲！
  ",1650879988000,JUDY_X__SODA,https://sns-avatar-qc.xhscdn.com/avatar/634e4aaaacaab1609d847b83.jpg,259,191,21,22,,1707298155375,https://www.xiaohongshu.com/explore/62666df40000000021037f87
normal,千万不要买100ml的理肤泉b5,"如题，六月份买了一瓶40毫升的理肤泉b5修复霜，买到手发现最好开封6个月用完，就开始了和时间赛跑之路🏃🏻‍♂️🏃🏻‍♂️🏃🏻‍♂️🏃🏻‍♂️🏃🏻‍♂️
[星R]也走过一些弯路，我是一个油痘肌女孩，买它主要是为淡化痘印+维稳，一开始大面积厚敷
（很容易盖到新生痘痘 第二天直接闷熟了😣）
淡化痘印的效果因为很久没有连续观察所以不评判，在此期间因为感觉用起来还可以，双十一又购入了两瓶100ml的
噩梦到此开始，现在1月底了都！！！感觉40ml的像这辈子都用不完，好不容易感觉快用完了我打算用剩下的厚敷最后一次，结果剪开发现里面残余的够我厚敷四五六次[捂脸R][捂脸R]愁死了现在真的好愁100ml的要怎么在六个月内用完😭
   ",1705743834000,阿初,https://sns-avatar-qc.xhscdn.com/avatar/64693b610e31f798af2ba0e1.jpg,39,11,56,0,山东,1707298155377,https://www.xiaohongshu.com/explore/65ab95da000000002e000883
normal,近两年最爱用的面霜,理肤泉的面霜能够让我觉得是真的很保湿，适合干皮敏感肌，用过好多其他的牌子，还是理肤泉的最好用,1696729240000,盼盼,https://sns-avatar-qc.xhscdn.com/avatar/1040g2jo30teu0qv844004a10lo33jesg9mj08e0,26,17,17,3,,1707298155378,https://www.xiaohongshu.com/explore/65220897000000001f03c45a
normal,10款敏感肌面霜测评｜亲测有效,"马上入冬啦～敏感肌特别是干皮面霜都备好了吗！！
今天给大家整理一下敏感肌的天菜面霜们～
都是自己用过觉得好的哟❣️
「详见图片啦～」
-
🔸理肤泉b5面霜
核心成分：泛醇、积雪草苷、乳木果油
使用感受：急救型面霜，有点干不适合日常使用，屏障受损、爆痘用来急救效果很好。有一定封闭性，所以一定要先乳化再上脸。我一般是局部点涂在痘痘上，两三天就消啦～
-
🔸赫莲娜黑绷带
核心成分：玻色因、玻尿酸、甘草酸二钾
使用感受：30%超高浓度玻色因，直接从肌底促进生成胶原蛋白，从根本上修护屏障。很绵密的质地，一推就开了，而且吸收超快👐
-
🔸一刻时光修护霜
核心成分：依克多因、白池花籽油、甘草酸二钾
使用感受：依克多因和白池花籽油强强联手，促进肌肤生成胶原，修护受损屏障，同时还有一定紧致抗老效果。冰淇淋凝霜质地，厚重但不黏腻，干皮冬日必备！有一定封闭性，所以一定是要先乳化再上脸，按压上脸满满的安全感❣️我自己从入秋开始就在用，海风吹都不怕了，到现在脸蛋都还是润润的👍超绝 今年冬天宠妃就是它啦💗
-
🔸海蓝之谜面霜
核心成分：神奇活性精萃、酸橙茶精粹
使用感受：冰淇淋质地，比较厚重，加了大量封闭性较强的保湿剂，所以上脸前要先在手心乳化噢👐添加的活性精萃，促进肌肤自愈能力！
-
🔸玉泽面霜
核心成分：神经酰胺、角鲨烷
使用感受：柔滑细腻的慕斯质地，超级好推开的，而且上脸很快就吸收了，完全不会黏腻，真的hin不错呀💕
-
🔸珂润面霜
核心成分：神经酰胺、蓝桉叶提取物
使用感受：内含神经酰胺成分，帮助皮肤修护屏障，强化角质层，补水效果也很棒🌵
-
🔸科颜氏高保湿霜
核心成分：角鲨烷、神经酰胺、冰川白
使用感受：干皮亲妈！含有角鲨烷和冰川白，保湿的同时辅助修护🙇‍♀️有点厚重，油皮不建议入哈～
-
🔸娇韵诗不死鸟面霜
核心成分：不死鸟精粹
使用感受：核心成分是不死鸟精粹，保湿效果杠杠的，白色的乳霜质地，柔软又轻薄
-
🔸珀莱雅源力面霜
核心成分：油橄榄叶提取物、神经酰胺
使用感受：上脸冰淇淋质地，一抹化水，吸收超级快，油敏痘肌也可以用，再也不用担心面霜厚重闷痘啦！
-
🔸适乐肤c霜
核心成分：神经酰胺、胆甾醇
使用感受：复配三重神经酰胺，帮助修护屏障。便宜大碗又好用，就是质地稍微有点厚重，蛮适合干皮冬天使用❣️
 ",1699513906000,小朱佩奇,https://sns-avatar-qc.xhscdn.com/avatar/654b397a752a9c00012feab6.jpg,238,121,13,8,,1707298155379,https://www.xiaohongshu.com/explore/654c8632000000001b00de10
normal,敏感肌去红血丝面霜红黑榜｜亲测踩雷种草！,"作为一个敏感肌女孩真的太难了，用什么都容易刺痛泛红，脸颊上还经常挂着蚯蚓一样的红血丝😖
断断续续入了好多护肤品，踩过雷种过草，分享一下我的面霜红黑榜！
-
🧡红榜✨✨
🎓排名：薇诺娜特护霜>一刻时光修复霜>雅漾舒缓霜>依泉修复绷带霜>优色林修红霜
🌿一刻时光神经酰胺修护霜
质地偏向是轻薄黄油质地，抹开之后就是滑滑润润的感jio，延展性棒棒，肤感也不错，换季过敏的时候坚持用可以有效祛红，头天晚上敷一层，第二天洗完脸还是水润润的～
🌿优色林修红霜
属于💊妆牌子，适合痤疮期间皮肤敏感的时候用，祛红能力很牛，保湿力度一般般，最好能搭配其他精华一起用。注意这个会搓泥，不要在白天用，个人觉得瑕不掩瑜啦！
🌿依泉修复绷带霜
很厚的霜状质地，需要乳化一下再上脸，退红效果非常非常明显，对丘疹和泛红都有效，鼻翼边上的小痘痘也能一起带走。
🌿薇诺娜特护霜
之前去🏥开得面霜，乳液质地一点都不厚重，吸收很快不会粘腻，舒缓和去红血丝效果很8错，就是价格贵，用的也快，日常买一囤一。
🌿雅漾舒缓霜
乳霜质地，适合日常维稳来用，皮肤有一点点敏感我就会抹在脸上，基本上过两三天就会消掉了，但我最喜欢的还是包装啦，很卫生！
💔黑榜💥💥
👋排名:lamer面霜>dms修复乳>fab急救面霜>理肤泉b5>dr.g修护面霜
🙅理肤泉B5
厚厚的霜膏质地，最开始用是想修复的，从厚涂到薄涂到乳化到点涂都试过了，但是没用，只会长更多的痘痘，第二天起来皮肤巨油……😓
🙅fab美人急救面霜
味道超级难闻，做身体乳我都扛不住，上脸之后很难吸收，保湿效果一般，容易和其他护肤品打架，多抹抹就搓泥，幸好买的是小样哈哈哈😂
🙅lamer修复面霜
我买过最贵的一款面霜了，不能说没有用处，只是觉得性价比太低了，同样是修复的效果，我觉得它没有红榜里的那些面霜修复效果更好，但是价格贵了超多。
🙅dr.g修护面霜
冲着积雪草买的，还以为可以消炎去红，结果用一次长一次粉刺，上网搜了一下我果然不是一个人🤦♀️现在用来涂脖子了
🙅Dms修复乳
看着不是很厚重，但是上脸还挺难吸收的，感觉就是脸上浮了层油，也不怎么保湿，修复效果不是很明显，但是我这个超级敏感肌也不会刺痛，算是可以入但没必要的。
   ",1688461839000,郭同学很开心,https://sns-avatar-qc.xhscdn.com/avatar/654ae964cfe5250001dc0fcb.jpg,2500,1290,244,104,,1707298155380,https://www.xiaohongshu.com/explore/64a3e20e000000001e011896
normal,万能修复⁉️理肤泉B5修护霜到底适不适合你？,"它家成分相对安全，基本是全绿✅
网上有很多他的用法，小编给大家整理了出来
1⃣️敏感肌干燥：
局部厚敷，急救缓解不适；
全脸薄涂，适合维稳保湿
	
2⃣️祛痘印：
点涂法，只能涂痘印，不要涂在还在爆的红痘痘上
	
3⃣️特殊美容后：
（不用乳化）厚敷一刻钟后洗掉
	
4⃣️刷刺激成分后皮肤干燥爆皮：
刷🍋后搭配B5可以缓解耐受期的不适
	
5⃣️唇部干燥不适：
晚上厚敷（不用乳化）睡前擦掉
白天薄涂，化妆前擦掉，改善不适和软化死皮
	
6⃣️婴儿红屁屁：
厚涂能缓解红屁屁
	
7⃣️脱毛/剃须的皮肤不适：
（不用乳化）局部厚敷十几分钟后擦掉
	
8⃣️蚊虫叮咬：
止痒
	
9⃣️手膜：
厚敷套个一次性手套，十几分钟后洗掉
	
这款B5可以说是老少皆宜的产品，也比较平价，有需求的可以入
	
每天安利一个护肤品，喜欢就关注我吧[赞R]
理性种草，买对不买贵
   @美妆薯 ",1689169539000,Hello购,https://sns-avatar-qc.xhscdn.com/avatar/6459ab4758e88400013a12ba.jpg,725,363,72,94,,1707298155381,https://www.xiaohongshu.com/explore/64aeae830000000035008a09
normal,空瓶日记,"理肤泉这款面霜别太好用了，本人混干加敏感肌，用了这款之后就没用过其他的面霜。而且这款比网上那款b5面霜要清爽好吸收一些，之前用B5时试了网上教的很多办法，但是总是会搓泥泛白，这款就没出现过那种情况[哇R]
更重要的是我用之前是有点皮肤屏障受损的，用了这个后都没有泛红刺痛脸部发烫的感觉了，而且化妆前涂一层这个也没有出现过卡粉起皮的现象[自拍R][自拍R][自拍R]就是说会把这款面霜带进我的坟墓当我的下葬品的程度[自拍R][自拍R][自拍R]
⚠️用之前记得乳化，轻轻揉搓乳化成透明状再上脸，如果是非常干的皮肤不乳化直接上脸也可以。
	
    ",1689602782000,mimiyoyo,https://sns-avatar-qc.xhscdn.com/avatar/617aa458e1fc12c4a4732978.jpg,357,184,37,28,,1707298155382,https://www.xiaohongshu.com/explore/64b54ade000000002f026139
normal,理肤泉万能修护霜,"理肤泉B5多效修复霜 40ml
拯救烂脸，为修护而生
24小时长效保湿💦
舒缓修护双buff🔁
急救必备人手一支
❁5%维生素B5丨加速屏障修护
❁积雪草苷丨淡化减少印痕
❁乳木果油丨滋润强韧皮脂膜
❁葡糖酸锌丨调节油脂分泌量
✅正确用法——
【厚涂面膜急救法】
面部敏感泛红时，可均匀厚敷
【薄涂面霜维稳法】
肌肤状态不稳定时，挤少量揉搓乳化多次按压上脸
【痘印点涂】
在新生痘印上局部点涂
【修护膜法】
适用于唇部/手部干裂起皮
【缓解脱毛不适✙蚊虫叮咬】
泛红刺痒时，厚敷15分可有效缓解",1677919520000,泊皙颜全球购,https://sns-avatar-qc.xhscdn.com/avatar/63b69a6f762f6bc2e9591cb6.jpg,45,18,11,15,,1707298155383,https://www.xiaohongshu.com/explore/64030520000000001402456c
normal,雅诗兰黛，你是真不会糊弄人啊...,"‼️评论区留言测胶原霜的特别多，周末专门去买了一瓶去做上脸实测，本来以为系列里两款适合不同肤质的面霜跟兰蔻和lamer一样只是套娃，在原基础上调一调肤感，没想到他们做了两个完全不同的配方结构，这个属实没想到，韭菜割的很有诚意
[doge]。
	
👉先说结论：胶原霜的乳霜款和滋润款除了结构完全不一样，两款的乳化体系也都做的很有特点，完美证明了大集团的底蕴。活性物是经典的紧致＋淡纹组合，全肤质适用的乳霜款上脸滋润但干爽，而滋润款会有点黑绷带的感觉。
	
🔅乳霜款的胶原霜乍一看配方中油脂含量非常高，排在第二位的就是异壬酸异壬酯。这款原料的添加量很高，保守推测在5%左右。如此高的油脂添加量却能够做到清爽不油腻，涂抹吸收之后隐约还有一种干爽的感觉。靠的就是这款面霜的乳化剂搭配。
	
🔁在乳化剂搭配上，主乳化剂选择了HLB值较低的C12-20酸PEG-8酯之后，搭配了阴离子乳化剂鲸蜡醇磷酸钾酯和非离子的PEG-100硬脂酸酯来帮助稳定乳化体系，这两款高HLB值的乳化剂在帮助稳定配方的同时，还能够给产品带来奇特的肤感。这也是为什么这款面霜在高油脂含量添加的情况下，还能做到清爽不油腻。
	
♻️活性物方面，这款产品还是继续选择了雅诗兰黛集团经典的苹果西瓜组合。一长串的植物提取物+乙酰基六肽-8能够起到即时紧致+迅速淡纹的功效，也和它的页面详情页一一对应了。
	
⚠️顺便再说一说滋润款，应该是采用了硅油包水的结构，主乳化剂PEG100-聚二甲基硅氧烷搭配上高含量的硅油，同时搭配了二硬脂二甲铵锂蒙脱石做悬浮稳定剂。再加上大量的硅弹。这组巧妙的搭配赋予了这款面霜奇特的慕斯质感，甚至有一点黑绷带的感觉。这也非常有雅诗兰黛的特色，把“硅”安排的明明白白。
本人唯一的疑惑，就是配方里没有加如油包水结构中常用的镁盐或者纳盐来提升稳定性，希望评论区有大神能给我解答。
活性物方面，这款面霜继续沿用了同系列的活性物组合，功效方面不会打折扣。
	
🌟总结一下：从配方师的角度来说，无论是肤感还是功效，都是值得入手的一款面霜。要说功效上跟欧家的差别，玻色因主打的是刺激胶原再生，而雅诗兰黛的这一款则更多侧重在紧致淡纹，大家可以按需种草。
	
      ",1693368578000,配方师吴大力,https://sns-avatar-qc.xhscdn.com/avatar/640458066e246001ef1d080c.jpg,602,340,325,85,,1707298240137,https://www.xiaohongshu.com/explore/64eec102000000001f037915
normal,花了好几万！值得入手的贵妇面霜,"混油敏感肌的“回春神器”！值得入手的贵妇面霜
作为混油敏感肌，又是奔三的阿姨
在面霜的选择上会比较谨慎，并且开始追求抗老
下面来唠叨唠叨一些合适30+的姐妹的面霜
-
雅诗兰黛智妍胶原霜
冰淇淋质地，非常轻盈好推开
混油敏感肌真的不能再爱这种质地
上脸以后很清爽，推开后可以迅速被吸收
增加了木槿花精萃，从花的各个部位都提取了精华来增加抗老；
也是在1代基础上增加10倍的胶原新生
在抗老基础上又增加了提拉紧致的功效
-
LAMER海蓝之谜面霜
膏状的质地，乳化后会比较容易推开
但要记得乳化完全，否则有闷痘风险
他们家还是主打维稳肌肤和修复肌肤屏障
敏感脆弱肌的修护抗老之王
换季敏感的时候它就是逆天神器
但是作为混油肌，可能还是略厚了一丢丢
但是皮肤过敏时期
迅速缓解脸上泛红刺痛的不适感
-
阿玛尼黑钥匙面霜
面霜的抗老核心成分是南非凤凰草
主打的就是恢复活力
绵软的凝霜质地，高级细腻
记得先用指腹乳化到精油状
再上脸哦！效果会不一样
皮肤泛红过敏可以考虑哦！修复能力很强并且质地丝滑
厚薄度也适中
-
HR赫莲娜黑绷带
黑绷带大家都说是适合油皮
但是我个人还是觉得比较厚重
用起来稍微感觉有点点闷，更适合干皮
所以我也是用来当急救面霜的
主打夜晚修护、抗老，
30%玻色因溶液配合5步绷带配方黑科技
如果肌肤状态很差但是第二天又有重要的事儿
我会选择黑绷带来厚敷一层
第二天“回春”
-
大家各取所需，理性购物哦！
感谢阅读 我是凌夕
    
      ",1695063660000,凌夕的生活美学,https://sns-avatar-qc.xhscdn.com/avatar/62025645503f3555bcf17098.jpg,417,202,66,47,,1707298240139,https://www.xiaohongshu.com/explore/65089e6c000000001d016774
normal,强烈推荐雅诗兰黛智妍面霜，好用！！,"这个面霜算是口碑款了，众所周知，雅诗兰黛家护肤方面是有名的，智妍系列又称全能系列。
面霜吸收能力特别好，涂上脸秒吸收啊，非常滋润清爽，保湿。我用着也不搓泥。
建议25➕初步抗老的姐妹👭使用，改善肌肤暗沉，细致毛孔，松弛，细纹等皮肤大问题。
	
我用的是75ml清爽版的，非常水润，光滑。质地像冰淇淋一样，棉柔轻薄，介于面霜和乳液之间，适合春夏使用。
滋润版的是50ml的，质地比较厚重一些，保湿效果会更好一点。适合秋冬使用。
大家可根据自己皮肤需求，别买错啦👌
  ",1647265035000,少女晴year,https://sns-avatar-qc.xhscdn.com/avatar/62f5dd0559bca93dd749a32f.jpg,152,71,42,45,,1707298240140,https://www.xiaohongshu.com/explore/622f450b000000002103f0b1
normal,雅诗兰黛面霜,"雅诗兰黛面霜怎么选？
我自己是混合皮，有时候混干，有时候混油，自己不是特别能分得清
我自己就是用的乳霜款，敲重点75ml的这款
混合皮，完美",1676905722000,指间砂,https://sns-avatar-qc.xhscdn.com/avatar/5be6873ee85ef0000138a76b.jpg,584,302,39,91,,1707298240141,https://www.xiaohongshu.com/explore/63f38cfa000000001300bc85
normal,经典口碑的面霜！信大厂的准没错！喂饭抗老,"锁住皮肤营养最重要的一步就是涂面霜！
涂面霜！涂面霜！
面霜选得好，脸就不会老～
       ",1699694398000,半糖奶盖,https://sns-avatar-qc.xhscdn.com/avatar/1040g2jo30nakndjp5s605norh6q0bjqlc14ss20,264,104,24,12,,1707298240141,https://www.xiaohongshu.com/explore/654f473e0000000032026497
normal,小贵但物有所值！对付轮廓模糊+松弛干瘪贼绝,"我心中不花大手笔对付松垮肉脸+干瘪憔悴肌最有一手的抗老面霜就是它了，还没用过的姐子你听我详细掰扯。
-
老文我身为30+刚需抗老人，太知道咱这些熟龄姐姐最犯愁的是啥：
1.对和我一样骨相不好兜不住肉的人来说，把支撑皮肉的轮廓定住永远排首位，否则法令纹加深、下颌线模糊的福气都在后头[暗中观察R]
2.随着年龄增长胶原蛋白流失，整个人像泄了气的皮球🎈尤其面中庭苹果肌位置，那叫一个干瘪，垮的很疲累就像天天在吃生活的苦…
3.皮脂分泌越来越差劲+胶原新生速度跑不赢流失速度，先是干纹再催生真性细纹，甚至毛孔都玩上皱纹连连看。
如果你不想一次all in上述问题，就必须谨记抗老要及时！别等突然断崖式变老后再发疯补救，补救远远比不上日积月累的有效干预[生气R]
-
而我之所以钟爱雅诗兰黛智妍胶原霜，就因为它不止做好了预防，还能像牵引绳般稳稳把你拽出衰老深崖。
	
整个思路揪住老化原因一顿重拳猛攻→众所周知I型轮廓胶原蛋白作为皮肤中占比最多的胶原老大哥，能够真正帮我们打下抗老关键基础盘，它就像弹簧，负责强力顶起整张脸的支撑结构，让皮肤有弹性有韧力更耐老，一旦大量流失/质量下降，咱们脸蛋就会像我前面说的仿佛泄气皮球，什么紧致平滑都是痴心妄想[扶墙R]
	
而这款面霜的牛批点是通过自家黑科技〔胶原紧致肽+木槿花精粹等复配成分〕精准10倍激活I型胶原蛋白，主打一个量大出奇迹，把面部易垮易松三区苹果肌、法令纹、下颌线狠狠加固，说人话就是肉该在就提拉到哪，别动不动就干干瘪瘪还往下掉。
-
不光功效贼硬，肤感和性价比还嗷嗷给力，你说友商该不该生气[doge]轻盈柔润的冰淇淋质地，触肤即融，对于肌肤纹理粗糙的人，在被它恰到好处的润泽力滋养后，很短时间内脸蛋就能实打实变嫩，更别提用它配合由下至上提拉按摩后，把轮廓线条吊起的效率有多狠…
	
总之松弛干瘪的熟龄肌求求你快点用[皱眉R]大集团科技工艺+贵妇肤感摆在这，竟然三位数就能拿下，妥妥的大牌老实人报恩福利款！！
   ",1695192681000,小众护肤品爱好者 文文,https://sns-avatar-qc.xhscdn.com/avatar/5f1836dfeda3850001516b5a.jpg,345,149,128,8,,1707298240142,https://www.xiaohongshu.com/explore/6508026b000000001303d32d
normal,能回购一辈子的大牌抗老面霜！双十一闭眼入！,"护肤十年陆陆续续用了很多面霜
有大牌也有小众的
也踩雷过无数次 但也有很多好用的
今天分享给大家我个人觉得用起来不错的K老面霜
大家趁着双十一根据各自需求理性种草哦～
-
▪️欧莱雅20霜
▪️雅诗兰黛智妍面霜
▪️科兰黎雪藻面霜
▪️赫莲娜黑绷带面霜
	
            ",1697947414000,吴不烦,https://sns-avatar-qc.xhscdn.com/avatar/63dc6d2bc22fa7bf98ea3e8f.jpg,232,110,34,5,,1707298240143,https://www.xiaohongshu.com/explore/65349f1600000000250202a2
normal,雅诗兰黛面霜不同产地之大不同," 30++的年纪，后悔没早点用它，真香啊，外观设计也很时尚，金色的高贵感马上出来了，第一次用50ml的，空瓶后回购再买了75ml的，有没有亲们发现不太一样？
外观：50ml的从外观上偏金黄色一点，75的就是偏白色，不只是外观，里面的也是颜色不一样，75的偏白色，质地不一样
味道：50ml的有一点点淡淡的香味，75的闻不到味道，要擦在手上放到鼻子才闻到一点点香味，没有50的一打开就闻到了香味，很好闻
产地：50ml的MADE IN USA，75的则是UK，原来产地不同，产品也质感完全不一样，一般人很难分辩
使用感:本来是第一次用了50ml的感觉良好，不油腻，很贴，滋润，味道好闻，内干偏油的皮肤很友好，因为面霜很多上脸会油，要不然就是不够滋润，早晚各用一次水分足，而且最重要的是50ml的比较紧致稠一点，每次都滴一点精华混一下推开，效果更好，75ml的就比较稀一点，不用滴精华就直接推开，最后那张图就是明眼看到直接能上脸
	
开始以为只是容量不同，没想到同一个牌子质地完全不一样，这瓶大的还在用，但个人感觉还是比较倾向于美国产的50ml那款，就是容量太小，但更好用，明显没那么油腻了，瓶子都不舍得丢，抗衰老紧致效果不错， 它们区别很大，但是买的时候你不知道是哪里产的，以前买资生堂的乳液也是一样，日本本土的好用多了，后来再买是巴黎产的，客服说现在这一批都是一样的，后来退货了，再下单前强调咨询是不是本土的，信旦誓誓说是的，买回来一看又是巴黎产的，他们根本区分不出来，因为国际版的就是不一样的，都是只有国际版的，小红书的客服不太耐心，还一副你不要就退货就行，但是就是不帮你解决问题，退了一次货之后就算了用吧，用完国际版的就不用它家了
不同产地千差万别啊！[笑哭R][笑哭R][笑哭R]",1647315401000,yaya不吃香菜啊,https://sns-avatar-qc.xhscdn.com/avatar/63bfd676ba0302f90135f55e.jpg,91,48,90,22,,1707298240143,https://www.xiaohongshu.com/explore/623009c9000000000102dd38
normal,多年信任的代购踩雷，雅诗兰黛智妍面霜,雅诗兰黛智妍面霜二代清爽版踩雷，曝光🍑宝卖家，请避坑🕳。,1678029906000,王N,https://sns-avatar-qc.xhscdn.com/avatar/5ebe5c37bbeb3f00019fc240.jpg,234,91,418,8,,1707298240144,https://www.xiaohongshu.com/explore/6404b452000000001300a9ad
normal,姐妹们，还是不要入坑，踩雷的一款面霜，用了脸上就长红色带白点的小颗粒，本还以为是自己吃东西还是清洁不到位，结果不是，是停用就没事，用脸上还是疯长小颗粒，,姐妹们，还是不要入坑，踩雷的一款面霜，用了脸上就长红色带白点的小颗粒，本还以为是自己吃东西还是清洁不到位，结果不是，是停用就没事，用脸上还是疯长小颗粒，,1706678898000,_人生若只如初见,https://sns-avatar-qc.xhscdn.com/avatar/631ca3e9714c581c80f57a79.jpg,27,6,187,0,福建,1707298240145,https://www.xiaohongshu.com/explore/65b9da72000000002b03fd75
normal,钱，不会骗人（雅诗兰黛黑钻面霜）,专柜入2490一套送黑钻小样，昨晚使用了上脸比较油润过一会又变干了，感觉适合混油皮大干皮冬天用要叠加精华油才行，目前使用感还行除了没那么滋润涂再多也不搓泥坚持用一个月再来评价我倒要看看抗老美白修复有多厉害能不能超过我目前心中排名第一黑绷带     ,1705396521000,大卜卜,https://sns-avatar-qc.xhscdn.com/avatar/5e761c4614abbc00017e6e38.jpg,23,9,61,1,广东,1707298240145,https://www.xiaohongshu.com/explore/65a64929000000002900def5
normal,人生第一次空瓶的面霜,"纪念一下人生第一次空瓶的面霜——雅诗兰黛的智妍面霜。
懒人党以前都是只拍个水+精华，这两年真真切切感觉皮肤状态变老很明显，就开始用面霜了。我买的是适合所有肤质的胶原霜，整体使用感受还不错，质地像冰淇淋一样，抹上后很快就吸收了，用完第二天起来脸透亮透亮的，也不会油腻，抗老效果还是很不错，个人感触最明显的就是法令纹真的有变淡一些～ ",1692156688000,卷卷,https://sns-avatar-qc.xhscdn.com/avatar/1040g2jo30th4b7jm4q6042bdheqqi9ia15muuhg,129,40,51,1,,1707298240146,https://www.xiaohongshu.com/explore/64dc430f000000000301f5a3
